TIME,PLAYERS
1617913216480,299
1617913516689,301
1617913812168,290
1617914106136,297
1617914406663,282
1617914708315,277
1617915007460,281
1617915312007,277
1617915611950,269
1617915907551,278
1617916206732,267
1617916507182,264
1617916806952,267
1617917107165,270
1617917405668,261
1617917706915,261
1617918007686,262
1617918307546,251
1617918606947,246
1617918906236,244
1617919212082,251
1617919505988,254
1617919805556,241
1617920105935,247
1617920406149,248
1617920705892,243
1617921006929,253
1617921306386,256
1617921605860,256
1617921906626,243
1617922206123,245
1617922505865,250
1617922806629,252
1617923106374,251
1617923406104,258
1617923705845,261
1617924006583,262
1617924311482,275
1617924606154,279
1617924905564,276
1617925206291,280
1617925505991,283
1617925810755,283
1617926111505,282
1617926411443,292
1617926707680,295
1617927006312,286
1617927306029,282
1617927605500,288
1617927906110,284
1617928205686,276
1617928507433,292
1617928806175,294
1617929106507,301
1617929407809,309
1617929706507,322
1617930011537,331
1617930312088,360
1617930605441,351
1617930906336,377
1617931205999,382
1617931505575,368
1617931811326,368
1617932106878,358
1617932406318,375
1617932706090,367
1617933005834,360
1617935106113,287
1617935405724,283
1617935706278,273
1617936005924,267
1617936306431,266
1617936605768,271
1617936912261,270
1617937205621,280
1617937506204,275
1617937805692,271
1617938106427,281
1617938406178,269
1617938705670,264
1617939006226,265
1617939305522,259
1617939606189,244
1617939905781,249
1617940206181,239
1617940505782,236
1617940811655,228
1617941106416,223
1617941405676,220
1617941706445,206
1617942005863,208
1617942307426,195
1617942606068,194
1617942905873,200
1617943207480,194
1617943505934,191
1617943806771,188
1617944111426,191
1617944405882,188
1617944706502,193
1617945006401,185
1617945305602,177
1617945606254,186
1617945906870,189
1617946206435,185
1617946506342,183
1617946806358,183
1617947106163,178
1617947405979,171
1617947710576,171
1617948006227,182
1617948305698,183
1617948606879,177
1617948906564,174
1617949206082,173
1617949506894,179
1617949806867,174
1617950111851,173
1617950406654,184
1617950711915,190
1617951006804,191
1617951311839,185
1617951607547,178
1617951906309,172
1617952211475,168
1617952511904,163
1617952805629,160
1617953107148,157
1617953411096,147
1617953706507,153
1617954011718,160
1617954311831,154
1617954607079,158
1617954912171,158
1617955206541,157
1617955506634,154
1617955812025,156
1617956112083,152
1617956405864,148
1617956706801,147
1617957011853,151
1617957312224,151
1617957606004,158
1617957921754,159
1617958206509,157
1617958506768,158
1617958813852,157
1617959106792,156
1617959411938,157
1617959706804,165
1617960007333,161
1617960316426,157
1617960611809,150
1617960906505,160
1617961207313,156
1617961512107,161
1617961806115,163
1617962106072,168
1617962412296,166
1617962707778,162
1617963008202,161
1617963306334,164
1617963611330,153
1617963906960,163
1617964205917,168
1617964507217,174
1617964806495,180
1617965106468,175
1617965406483,177
1617965706073,180
1617966006099,171
1617966306470,167
1617966606444,160
1617966906856,164
1617967207079,158
1617967506350,162
1617967811365,165
1617968111968,166
1617968406038,160
1617968706567,164
1617969006765,165
1617969306988,174
1617969606184,166
1617969912232,172
1617970206330,179
1617970506518,181
1617970811807,186
1617971108041,196
1617971406229,194
1617971706171,190
1617972011861,195
1617972306608,202
1617972612105,208
1617972906629,203
1617973207109,204
1617973510723,200
1617973807445,210
1617974106416,202
1617974411935,201
1617974707414,196
1617975007795,200
1617975312055,205
1617975611887,206
1617975908672,211
1617976211248,209
1617976506228,215
1617976806213,221
1617977106411,223
1617977406643,217
1617977706575,213
1617978012237,214
1617978311522,207
1617978612053,217
1617978906270,222
1617979212900,208
1617979507226,219
1617979806352,213
1617980106001,229
1617980416620,235
1617980706720,229
1617981007662,233
1617981307097,239
1617981610887,241
1617981907417,246
1617982207866,253
1617982507848,257
1617982806582,256
1617983111444,254
1617983406653,264
1617983712035,268
1617984011772,272
1617984307638,264
1617984616720,273
1617984908091,269
1617985213649,268
1617985507659,270
1617985807614,281
1617986106416,292
1617986412324,286
1617986706793,284
1617987007376,276
1617987316574,268
1617987607215,274
1617987906449,268
1617988206961,272
1617988506285,259
1617988812132,256
1617989106702,263
1617989412000,261
1617989706528,268
1617990006340,272
1617990321944,270
1617990607369,273
1617990906110,288
1617991207250,274
1617991511803,283
1617991808178,319
1617992116743,334
1617992406695,337
1617992708397,336
1617993011955,343
1617993307446,354
1617993611960,364
1617993906277,382
1617994211792,391
1617994507490,381
1617994814944,386
1617995111992,375
1617995416341,373
1617995707261,379
1617996011269,362
1617996311272,359
1617996606739,339
1617996916718,322
1617997207564,319
1617997506823,314
1617997807281,299
1617998107094,301
1617998407342,323
1617998706927,326
1617999006735,327
1617999307282,319
1617999611821,311
1617999907346,304
1618000221896,300
1618000507332,312
1618000806494,312
1618001111898,305
1618001411981,304
1618001706422,313
1618002006890,311
1618002307187,327
1618002605815,335
1618002906896,328
1618003206645,322
1618003506434,326
1618003807013,325
1618004106003,326
1618004406277,327
1618004706053,334
1618005006177,333
1618005305904,330
1618005617265,323
1618005912298,309
1618006206255,301
1618006506507,292
1618006806188,301
1618007106283,304
1618007406074,299
1618007706121,290
1618008005900,288
1618008307667,299
1618008606411,305
1618008905792,301
1618009206518,316
1618009506483,322
1618009811234,315
1618010106140,316
1618010405713,316
1618010706300,325
1618011005012,319
1618011305828,302
1618011606395,314
1618011906306,302
1618012210562,304
1618012511498,300
1618012806367,297
1618013106034,287
1618013405703,288
1618013706460,279
1618014006081,280
1618014305783,287
1618014606364,283
1618014906066,281
1618015205411,281
1618015506180,284
1618015805830,283
1618016106466,284
1618016406254,274
1618016706052,263
1618017005739,266
1618017316495,273
1618017606020,274
1618017910647,278
1618018206421,278
1618018506027,289
1618018805402,302
1618019106100,298
1618019405741,298
1618019706545,289
1618020006266,282
1618020305903,279
1618020606277,282
1618020905875,284
1618021206339,287
1618021505818,288
1618021806489,286
1618022106139,290
1618022405919,292
1618022706234,294
1618023005818,297
1618023306063,291
1618023605677,283
1618023906357,279
1618024207085,285
1618024505656,283
1618024806348,283
1618025105871,266
1618025406458,269
1618025711794,278
1618026011311,272
1618026305835,280
1618026607339,286
1618026905856,287
1618027206381,285
1618027505825,280
1618027812242,276
1618028105868,272
1618028406543,265
1618028706264,250
1618029005873,242
1618029306266,240
1618029606114,241
1618029905863,245
1618030206471,245
1618030507184,245
1618030805828,240
1618031106569,251
1618031412172,240
1618031705664,235
1618032011817,222
1618032306470,215
1618032606474,210
1618032906142,205
1618033205808,206
1618033512430,198
1618033806155,195
1618034105603,205
1618034406489,207
1618034716579,199
1618035006325,194
1618035307649,189
1618035616918,194
1618035906873,195
1618036206563,203
1618036506231,208
1618036806355,196
1618037106575,198
1618037411499,200
1618037711370,195
1618038013032,190
1618038305860,190
1618038611784,190
1618038907549,194
1618039206472,186
1618039511085,190
1618039805900,183
1618040106987,187
1618040406090,190
1618040706309,183
1618041006675,189
1618041307326,186
1618041612308,191
1618041906509,196
1618042211126,194
1618042506160,197
1618042806313,198
1618043112376,199
1618043406527,199
1618043707212,191
1618044007308,192
1618044312043,185
1618044606069,200
1618044906133,194
1618045206946,193
1618045506474,187
1618045811886,181
1618046107122,184
1618046406100,185
1618046712114,186
1618047011246,178
1618047306346,180
1618047606970,174
1618047912284,178
1618048205972,171
1618048505774,171
1618048811877,173
1618049106631,173
1618049406427,181
1618049706624,185
1618050006477,189
1618050311977,181
1618050611460,183
1618050911784,179
1618051211799,174
1618051506679,173
1618051806461,175
1618052111647,172
1618052406633,180
1618052707051,181
1618053006508,182
1618053306312,187
1618053613550,182
1618053911918,176
1618054212184,185
1618054506330,181
1618054811717,181
1618055108047,183
1618055405593,200
1618055716661,193
1618056007481,201
1618056306497,198
1618056611812,192
1618056912101,201
1618057206311,199
1618057512195,209
1618057807758,210
1618058112082,203
1618058416643,206
1618058707924,201
1618059006888,209
1618059307741,216
1618059612167,212
1618059906307,216
1618060206770,216
1618060512052,219
1618060805989,220
1618061105642,229
1618061408233,228
1618061712246,236
1618062006834,231
1618062312544,235
1618062607589,238
1618062912537,245
1618063207749,249
1618063512452,256
1618063806739,246
1618064106786,249
1618064406972,242
1618064705781,242
1618065011952,243
1618065312131,236
1618065606325,242
1618065907469,248
1618066211916,242
1618066507183,249
1618066807479,257
1618067106936,257
1618067408488,242
1618067706254,237
1618068011933,246
1618068308063,249
1618068606918,235
1618068907171,235
1618069206476,241
1618069507376,245
1618069812118,243
1618070108566,238
1618070407536,238
1618070711935,246
1618071011950,251
1618071307325,250
1618071616856,254
1618071912974,256
1618072206429,225
1618072507230,241
1618072811844,227
1618073107463,238
1618073407824,246
1618073707993,249
1618074007497,239
1618074312240,242
1618074616583,244
1618074912015,250
1618075212096,244
1618075506794,246
1618075808399,254
1618076107238,265
1618076406612,268
1618076707647,262
1618077016962,250
1618077311276,268
1618077606662,278
1618077908220,278
1618078207475,257
1618078521991,255
1618078805946,259
1618079111911,260
1618079407746,257
1618079707279,261
1618080007696,265
1618080316913,266
1618080611904,272
1618080907722,274
1618081207605,280
1618081512314,292
1618081822136,313
1618082111911,315
1618082406541,305
1618082711920,310
1618083012389,303
1618083306503,297
1618083606259,303
1618083911437,306
1618084211591,308
1618084507197,297
1618084807876,299
1618085112307,286
1618127411871,172
1618127721837,176
1618128011951,175
1618128305631,177
1618128606563,180
1618128908074,179
1618129206103,181
1618129506714,179
1618129806955,179
1618130105880,179
1618130412071,183
1618130706190,190
1618131005865,192
1618131306851,186
1618131612439,187
1618131906343,178
1618132206082,174
1618132507932,175
1618132812375,173
1618133111249,173
1618133406699,182
1618133712047,173
1618134005945,174
1618134307056,170
1618134610766,168
1618134906667,177
1618135206662,176
1618135516739,175
1618135816532,178
1618136111444,176
1618136406646,173
1618136716640,172
1618137006435,176
1618137311439,182
1618137611231,180
1618137906603,180
1618138206263,178
1618138513303,177
1618138807441,179
1618139111563,173
1618139411655,169
1618139706695,185
1618140011872,187
1618140312234,190
1618140611916,190
1618140906869,184
1618141211914,182
1618141507835,188
1618141807145,190
1618142106551,179
1618142407327,189
1618143606096,191
1618143914318,200
1618144212476,195
1618144507125,198
1618144806072,197
1618145116469,204
1618145412300,206
1618145706617,209
1618146008631,205
1618146308045,217
1618146609892,214
1618146908021,213
1618147207444,211
1618147513277,205
1618147806718,204
1618148108340,206
1618148414570,216
1618148707939,211
1618149008215,212
1618149309116,212
1618149607532,212
1618149906648,221
1618150221881,222
1618150506968,225
1618150808079,219
1618151111439,216
1618151407583,226
1618151707952,224
1618152008248,231
1618152315099,235
1618152609020,229
1618152912355,230
1618153208518,247
1618153506202,247
1618153811995,249
1618154107425,240
1618154411934,239
1618154707955,245
1618155005831,250
1618155307369,252
1618155607308,262
1618155905902,261
1618156212815,264
1618156509060,265
1618156812183,274
1618157116759,282
1618157412277,274
1618157711445,266
1618158012428,264
1618158312156,251
1618158608713,255
1618158907543,249
1618159212374,246
1618159512067,246
1618159807778,254
1618160112050,252
1618160407769,259
1618160707238,259
1618161011808,257
1618161312361,259
1618161606547,253
1618161907193,255
1618162207806,252
1618162512198,253
1618162806351,254
1618163112221,277
1618163412308,281
1618163708236,275
1618164006825,273
1618164307518,276
1618164607033,279
1618164912048,283
1618165207159,285
1618165506365,294
1618165806689,279
1618166107760,277
1618166417578,282
1618166707525,277
1618167006809,285
1618167308372,274
1618167607852,285
1618167907417,291
1618168206657,286
1618168510091,293
1618168811875,289
1618169107589,287
1618169406967,303
1618169712541,306
1618170011886,306
1618170307292,293
1618170606584,308
1618170907637,302
1618171207582,293
1618171512259,291
1618171806395,300
1618172113330,290
1618172407402,274
1618172706779,272
1618173017206,291
1618173306373,286
1618173606351,288
1618173912261,295
1618174212099,299
1618174506252,298
1618174807308,287
1618175117529,282
1618175406528,291
1618175712104,292
1618176006074,283
1618176305926,285
1618176607270,290
1618176906252,286
1618177206250,275
1618177506285,272
1618177806167,273
1618178106461,273
1618178411642,289
1618178716429,289
1618179006400,289
1618179311528,281
1618179611507,274
1618179911463,272
1618180206621,270
1618180506592,282
1618180806049,275
1618181105917,276
1618181406620,271
1618181707099,282
1618182005618,284
1618182306362,285
1618182606137,278
1618182905819,275
1618183206213,277
1618183505906,267
1618183806442,271
1618184106009,260
1618184405368,250
1618184706090,257
1618185005562,254
1618185311515,268
1618185612462,270
1618185906150,276
1618186205529,279
1618186506210,272
1618186805784,274
1618187106481,268
1618187406214,269
1618187705718,273
1618188006191,266
1618188306593,270
1618188606072,272
1618188905422,277
1618189205992,284
1618189505740,287
1618189811250,289
1618190105718,290
1618190406351,273
1618190706149,269
1618191005654,257
1618191306094,259
1618191605781,255
1618191906152,250
1618192205756,257
1618192511652,250
1618192806515,248
1618193107007,248
1618193405408,249
1618193706074,241
1618194005650,247
1618194306571,245
1618194611160,244
1618194905787,243
1618195205863,237
1618195512128,225
1618195805790,228
1618196106163,227
1618196798015,234
1618197005530,237
1618197306091,226
1618197605715,224
1618197906027,226
1618198205659,221
1618198506382,228
1618198807459,236
1618199106216,225
1618199405700,230
1618199706368,222
1618200005617,223
1618200311094,213
1618200605324,215
1618200905570,210
1618201211459,210
1618201506057,212
1618201805342,213
1618202105871,216
1618202407185,206
1618202706890,199
1618203006542,199
1618203306118,203
1618203605495,195
1618203906294,190
1618204205934,193
1618204506583,189
1618204806272,191
1618205105902,184
1618205408077,183
1618205706038,177
1618206005809,176
1618206306284,176
1618206605967,174
1618206910522,164
1618207206077,169
1618207505855,176
1618207806519,175
1618208112107,180
1618208405724,173
1618208706593,175
1618209006309,179
1618209306100,185
1618209606142,184
1618209906419,184
1618210206429,180
1618210512232,190
1618210812202,183
1618211106691,177
1618211406920,186
1618211712183,180
1618212006725,175
1618212306937,183
1618212607129,180
1618212906227,186
1618213206723,179
1618213516692,179
1618213806801,183
1618214106836,174
1618214412171,169
1618214706352,164
1618215006459,159
1618215306964,158
1618215607741,168
1618215911887,161
1618216212063,164
1618216506196,170
1618216806328,165
1618217106507,154
1618217406732,145
1618217706902,153
1618218007325,153
1618218307996,160
1618218606284,158
1618218916405,160
1618219207139,172
1618219506410,160
1618219812052,165
1618220106594,168
1618220406577,171
1618220707348,168
1618221011902,164
1618221312347,161
1618221606635,163
1618221911904,157
1618222207301,163
1618222506263,174
1618222807657,173
1618223106619,168
1618223411816,166
1618223706835,171
1618224011837,165
1618224306968,168
1618224605800,174
1618224908480,179
1618225206840,178
1618225511875,182
1618225812219,172
1618226106755,154
1618226407060,160
1618226711974,161
1618227006445,163
1618227306408,157
1618227607353,157
1618227913197,154
1618228206419,156
1618228506453,157
1618228811600,151
1618229116751,156
1618229407069,169
1618229707754,163
1618230012017,162
1618230306155,172
1618230606587,173
1618230911995,168
1618231205846,161
1618231512314,164
1618231806593,169
1618232117036,176
1618232406545,167
1618232712810,177
1618233007651,177
1618233306736,187
1618233607317,192
1618233906537,202
1618234212200,193
1618234506876,195
1618234812415,185
1618235108496,195
1618235412107,210
1618235705784,202
1618236007439,196
1618236311762,203
1618236612006,202
1618236911922,201
1618237205938,201
1618237507496,193
1618237807031,199
1618238112020,194
1618238406133,197
1618238706429,179
1618239012355,182
1618239316525,180
1618239606585,180
1618239912486,194
1618240217288,189
1618240510022,191
1618240806779,193
1618241106956,194
1618241406201,205
1618241707502,204
1618242012048,201
1618242317471,206
1618242612065,197
1618242906606,193
1618243208808,202
1618243507884,207
1618243812566,206
1618244106967,215
1618244406806,219
1618244707602,213
1618245007582,219
1618245306599,225
1618245612391,227
1618245907361,228
1618246206610,221
1618246513015,221
1618246813227,232
1618247106541,221
1618247408073,219
1618247712374,229
1618248008359,233
1618248311609,240
1618248606255,228
1618248921872,229
1618249207259,225
1618249516817,233
1618249812355,234
1618250111809,230
1618250407477,223
1618250707443,221
1618251011784,230
1618251317213,220
1618251616974,219
1618251906949,231
1618252207912,230
1618252507586,226
1618252812815,230
1618253117442,220
1618253406836,217
1618253707379,212
1618254011892,208
1618254308400,211
1618254606571,212
1618254907404,205
1618255211857,203
1618255512505,205
1618255812531,208
1618256107637,215
1618256421952,224
1618256717562,216
1618257006747,220
1618257307639,225
1618257607814,220
1618257908902,230
1618258213197,219
1618258511186,219
1618258816839,223
1618259112018,215
1618259412238,215
1618259712069,215
1618260007073,224
1618260312009,229
1618260606443,233
1618260908222,248
1618261212494,255
1618261506409,270
1618261807572,275
1618262111466,271
1618262406566,258
1618262707657,256
1618263011984,246
1618263306191,261
1618263607185,264
1618263911301,276
1618264216453,276
1618264505828,280
1618264822158,272
1618265106603,257
1618265411204,254
1618265706887,250
1618266007729,248
1618266306613,246
1618266611756,239
1618266906934,228
1618267207158,233
1618267516425,232
1618267806119,231
1618268107202,232
1618268406757,226
1618268706416,217
1618269006111,220
1618269305868,222
1618269607501,220
1618269910979,219
1618270205824,208
1618270506628,207
1618270807191,208
1618271105629,210
1618271407891,213
1618271707216,223
1618272006123,232
1618272305673,236
1618272606293,223
1618272906958,233
1618273206328,228
1618273506057,237
1618273810616,237
1618274107479,237
1618274406347,230
1618274705879,236
1618275006557,243
1618275306324,233
1618275605665,223
1618275906481,226
1618276206988,219
1618276505290,223
1618276805957,226
1618277105502,224
1618277406097,217
1618277705654,207
1618278006121,214
1618278305799,214
1618278611637,209
1618278906994,211
1618279205771,203
1618279512283,213
1618279806554,212
1618280105910,210
1618280405390,217
1618280706063,225
1618281005766,226
1618281311073,218
1618281605792,215
1618281906205,214
1618282206555,213
1618282506262,206
1618283110750,204
1618283406445,196
1618283705797,201
1618284008455,204
1618284312629,213
1618284606319,202
1618284906002,196
1618285210734,207
1618285506785,196
1618285806244,200
1618286107367,188
1618286405660,196
1618286706419,194
1618287006070,192
1618287305730,200
1618287606290,198
1618287905884,189
1618288206947,194
1618288506495,191
1618288806149,185
1618289105686,181
1618289407115,168
1618289705621,162
1618290006255,167
1618290308065,169
1618290605782,167
1618290906628,162
1618291206359,162
1618291505931,162
1618291806574,163
1618292111809,163
1618292411788,162
1618292706360,154
1618293006172,148
1618293305938,154
1618293607747,161
1618293912500,158
1618294206269,156
1618294505731,160
1618294806605,159
1618295111284,165
1618295405979,169
1618295705985,167
1618296005650,160
1618296307333,172
1618296606179,162
1618296916348,160
1618297206533,163
1618297506287,160
1618297821773,157
1618298107847,153
1618298411884,154
1618298708713,158
1618299006693,157
1618299306679,164
1618299606509,159
1618299906676,158
1618300207766,155
1618300506727,146
1618300806809,153
1618301106465,150
1618301406211,151
1618301710798,149
1618302007520,152
1618302306471,152
1618302606483,146
1618302906874,145
1618303212260,153
1618303516807,154
1618303811834,149
1618304111797,145
1618304407184,145
1618304705901,150
1618305006971,145
1618305311907,147
1618305606223,146
1618305911865,142
1618306207332,143
1618306506566,146
1618306806449,145
1618307106481,155
1618307406244,152
1618307706399,147
1618308006279,142
1618308306136,143
1618308605894,150
1618308907135,158
1618309206162,160
1618309506309,148
1618309816690,148
1618310106282,149
1618310406463,152
1618310711818,154
1618311007226,145
1618311305808,147
1618311612031,148
1618311905584,154
1618312211202,158
1618312507574,162
1618312806578,163
1618313106730,158
1618313406821,155
1618313707084,159
1618314006447,161
1618314306821,155
1618314611936,145
1618314912432,158
1618315212264,152
1618315506114,155
1618315806306,155
1618316111879,149
1618316412069,151
1618316716636,163
1618317006952,162
1618317305674,156
1618317606351,163
1618317911827,172
1618318212947,175
1618318512323,181
1618318806979,178
1618319105987,182
1618319411541,184
1618319721851,190
1618320006954,184
1618320312182,181
1618320608473,188
1618320907942,183
1618321207460,192
1618321506025,204
1618321806974,203
1618322107749,199
1618322412430,203
1618322707116,205
1618323005727,185
1618323307369,177
1618323612112,185
1618323912425,196
1618324207883,197
1618324506743,197
1618324808096,196
1618325111819,200
1618325407218,198
1618325711891,201
1618326012137,208
1618326307509,219
1618326606553,229
1618326912556,228
1618327212559,234
1618327507286,232
1618327807927,224
1618328107367,232
1618328416772,227
1618328712221,225
1618329011625,220
1618329307476,215
1618329612404,216
1618329906295,223
1618330206281,215
1618330512158,225
1618330806547,229
1618331111359,227
1618331408337,232
1618331716608,233
1618332007275,234
1618332311842,238
1618332612061,226
1618332906471,233
1618333212205,242
1618333512163,259
1618333811909,252
1618334107162,253
1618334406948,252
1618334718286,257
1618335016769,257
1618335315251,268
1618335606649,259
1618335912927,266
1618336209725,277
1618336507095,278
1618336812368,283
1618337112180,269
1618337406992,259
1618337716577,261
1618338012153,270
1618338312026,284
1618338609307,272
1618338913131,262
1618339216708,267
1618339507915,262
1618339808900,267
1618340108771,266
1618340407809,270
1618340709284,266
1618341006394,258
1618341312415,247
1618341622513,249
1618341924357,248
1618342224031,248
1618342527885,254
1618342808660,255
1618343109364,261
1618343407686,264
1618343707620,256
1618344014081,251
1618344307912,252
1618344607858,262
1618344908811,262
1618345213286,254
1618345513967,265
1618345807610,266
1618346113074,256
1618346407184,260
1618346707511,272
1618347007218,261
1618347307623,272
1618347607462,271
1618347908021,264
1618348214152,258
1618348507877,246
1618348808427,244
1618349108631,250
1618349411934,248
1618349709054,255
1618350007138,250
1618350307232,240
1618350609176,253
1618350907332,261
1618351206699,287
1618351507686,328
1618351807892,320
1618352112810,328
1618352407247,302
1618352706384,289
1618353008227,281
1618353308248,275
1618353607128,287
1618353912914,276
1618354208106,284
1618354506867,280
1618354808576,273
1618355107310,279
1618355406831,277
1618355706603,278
1618356006409,271
1618356306128,265
1618356605959,257
1618356905552,246
1618357205994,255
1618357505695,247
1618357811071,244
1618358105706,247
1618358406550,252
1618358711020,253
1618359011795,250
1618359306222,256
1618359605859,248
1618359906440,249
1618360205944,242
1618360506499,253
1618360805854,245
1618361106462,247
1618361406177,245
1618361705805,241
1618362011422,249
1618362307601,246
1618362611056,233
1618362906803,227
1618363206147,231
1618363506015,237
1618363805492,231
1618364106214,238
1618364405995,243
1618364705450,245
1618365005957,239
1618365305660,238
1618365606453,230
1618365905922,224
1618366206158,229
1618366505827,221
1618366816639,219
1618367106289,226
1618367405573,224
1618367706284,229
1618368005977,227
1618368305402,220
1618368605968,233
1618368905767,234
1618369506466,228
1618369806185,232
1618370105857,212
1618370407434,203
1618370705792,206
1618371012223,222
1618371306475,211
1618371606067,204
1618371906367,209
1618372206161,197
1618372505744,193
1618372806288,197
1618373106089,182
1618373405770,182
1618373711138,191
1618374007412,185
1618374306262,178
1618374605849,172
1618374906409,161
1618375206588,158
1618375511217,154
1618375805772,154
1618376107396,149
1618376406187,161
1618376705603,161
1618377005990,156
1618377305816,161
1618377608138,163
1618377905803,146
1618378211797,146
1618378506508,145
1618378812055,139
1618379107768,136
1618379406530,135
1618379706218,126
1618380006344,145
1618380305893,139
1618380606558,134
1618380906947,129
1618381205773,131
1618381506495,133
1618381813169,138
1618382105956,139
1618382405890,139
1618382714514,138
1618383016483,135
1618383306420,136
1618383608673,131
1618383916806,128
1618384206589,128
1618384507028,129
1618384806141,134
1618385105924,136
1618385407426,129
1618385706873,127
1618386012339,131
1618386312266,125
1618386605796,131
1618386911866,123
1618387213630,137
1618387512475,130
1618387806106,135
1618388106986,136
1618388406022,131
1618388706006,131
1618389011864,134
1618389312126,137
1618389606122,143
1618389906997,141
1618390206025,138
1618390505689,130
1618390811898,131
1618391106873,133
1618391412002,132
1618391707333,130
1618392006547,126
1618392312046,126
1618392606710,124
1618392906999,120
1618393206254,118
1618393507420,122
1618393812608,125
1618394112077,127
1618394407516,133
1618394711641,128
1618395006705,135
1618395312203,137
1618395606587,135
1618395916537,135
1618396207847,135
1618396511956,133
1618396811952,131
1618397107173,140
1618397411910,136
1618397706955,149
1618398012240,141
1618398306140,143
1618398612063,143
1618398907923,149
1618399211005,157
1618399507252,145
1618399807424,148
1618400107711,146
1618400407310,142
1618400707302,141
1618401016761,144
1618401306402,144
1618401608154,155
1618401906918,147
1618402207137,155
1618402507263,159
1618402811464,166
1618403106355,174
1618403412091,164
1618403706066,165
1618404007620,166
1618404308294,171
1618404616835,171
1618404907051,159
1618405206964,159
1618405510975,169
1618405806048,171
1618406107280,175
1618406406699,182
1618406711838,193
1618407018335,191
1618407313566,189
1618407612460,184
1618407907279,174
1618408207917,174
1618408509012,177
1618408808006,189
1618409119046,179
1618409407417,184
1618409708748,179
1618410016761,183
1618410308075,179
1618410612557,184
1618410906659,181
1618411209656,192
1618411512647,184
1618411807072,181
1618412112077,182
1618412408043,181
1618412711965,174
1618413011118,177
1618413307658,178
1618413612778,194
1618413908076,196
1618414211917,196
1618414506757,205
1618414807616,206
1618415112489,211
1618415406681,222
1618415707700,214
1618416012957,205
1618416306494,202
1618416608671,204
1618416912330,205
1618417212750,218
1618417507564,219
1618417812096,213
1618418112103,215
1618418406784,220
1618418707762,212
1618419007973,224
1618419306538,228
1618419609196,227
1618419910993,223
1618420206761,222
1618420507409,235
1618420806786,232
1618421112281,237
1618421408829,246
1618421706153,245
1618422006347,257
1618422313580,264
1618422612104,250
1618422906019,260
1618423211988,264
1618423510985,261
1618423806575,267
1618424112017,268
1618424407276,272
1618424717318,270
1618425012011,258
1618425311884,253
1618425606810,255
1618425907589,249
1618426207201,247
1618426511931,256
1618426808007,255
1618427115756,249
1618427408678,250
1618427708240,238
1618428011513,246
1618428317017,234
1618428607690,236
1618428921860,252
1618429207339,268
1618429513075,268
1618429807145,270
1618430108406,275
1618430422101,269
1618430706888,275
1618431007205,272
1618431317798,260
1618431611961,273
1618431905822,298
1618432208177,322
1618432507019,341
1618432812279,337
1618433107383,329
1618433406524,338
1618433706271,332
1618434016346,314
1618434306470,332
1618434606097,324
1618434906090,323
1618435212038,341
1618435505724,337
1618435807428,315
1618436105583,297
1618436406336,287
1618436706680,288
1618437011655,280
1618437306247,271
1618437607814,273
1618437906912,268
1618438207226,269
1618438507151,261
1618438805858,262
1618439106935,267
1618439412165,251
1618439705645,253
1618440006117,252
1618440306513,253
1618440611996,262
1618440905648,258
1618441207202,256
1618441505827,249
1618441806519,245
1618442116676,231
1618442411690,231
1618442706204,234
1618443007123,235
1618443305600,250
1618443611237,237
1618443905863,236
1618444206592,226
1618444506210,215
1618444805855,225
1618445106753,226
1618445406349,226
1618445711233,212
1618446005770,215
1618446306077,212
1618446605877,215
1618446911853,204
1618447206424,204
1618447505893,206
1618447806628,211
1618448110988,215
1618448410759,225
1618448706115,218
1618449005700,228
1618449306360,223
1618449606088,220
1618449905524,232
1618450206415,227
1618450505769,226
1618450806315,225
1618451107166,234
1618451407453,214
1618451706890,224
1618452006878,215
1618452306258,203
1618452605833,206
1618452906583,197
1618453206310,208
1618453511785,212
1618453807445,206
1618454105817,201
1618454406474,211
1618454706240,198
1618455005631,192
1618455306438,190
1618455906151,186
1618456205751,187
1618456511609,189
1618456806502,198
1618457105862,206
1618457406524,202
1618457706315,195
1618458005871,193
1618458306593,195
1618458610898,189
1618458906354,183
1618459206094,172
1618459507215,168
1618459805838,165
1618460106437,169
1618460406183,180
1618460705696,176
1618461006452,171
1618461306010,164
1618461610703,171
1618461906418,168
1618462206033,174
1618462505723,168
1618462806333,158
1618463106060,153
1618463405555,146
1618463706570,141
1618464005945,146
1618464306669,140
1618464606436,145
1618464905960,147
1618465205537,133
1618465508442,134
1618465811141,134
1618466105815,128
1618466408026,133
1618466705818,141
1618467006451,137
1618467312141,132
1618467605819,139
1618467907537,142
1618468207592,142
1618468511929,141
1618468807844,138
1618469107719,136
1618469406402,141
1618469706426,138
1618470007518,138
1618470306609,142
1618470606169,137
1618470907532,134
1618471206449,139
1618471506353,134
1618471806946,131
1618472107431,138
1618472406168,131
1618472706364,132
1618473006350,124
1618473306329,124
1618473607513,127
1618473906331,124
1618474206341,128
1618474506817,132
1618474807258,134
1618475105754,144
1618475407817,131
1618475711764,129
1618476007189,134
1618476306725,129
1618476606664,129
1618476906691,131
1618477207555,136
1618477507810,136
1618477806739,132
1618478111972,134
1618478406125,137
1618478705921,138
1618479012059,131
1618479306459,133
1618479606679,131
1618479907800,137
1618480207451,131
1618480506362,127
1618480807322,119
1618481106406,121
1618481406949,123
1618481708501,128
1618482006487,129
1618482306190,128
1618482607492,134
1618482911669,127
1618483206557,123
1618483511894,132
1618483811880,131
1618484111635,137
1618484412265,136
1618484706186,135
1618485006465,140
1618485307009,135
1618485606192,137
1618485906331,143
1618486212423,149
1618486506300,151
1618486806232,151
1618487112068,143
1618487406360,136
1618487706751,136
1618488011914,134
1618488306594,142
1618488612154,136
1618488908280,144
1618489206397,157
1618489513562,152
1618489807553,153
1618490105663,155
1618490411906,145
1618490708845,146
1618491007466,150
1618491312541,162
1618491607791,169
1618491908363,173
1618492206434,183
1618492506953,181
1618492806428,179
1618493113804,173
1618493413285,180
1618493707685,179
1618494006130,183
1618494312333,183
1618494606241,178
1618494905845,179
1618495508881,176
1618495807150,179
1618496107979,190
1618496407638,187
1618496707458,189
1618497007514,192
1618497311897,187
1618497612401,188
1618497907638,186
1618498206745,193
1618498512038,202
1618498806548,196
1618499112396,190
1618499407844,191
1618499713338,199
1618500006226,202
1618500306187,199
1618500607279,207
1618500906506,215
1618501212180,211
1618501507940,208
1618501812367,214
1618502107425,229
1618502407877,219
1618502707696,217
1618503012332,206
1618503308146,196
1618503611537,204
1618503906540,211
1618504207472,201
1618504508308,201
1618504807704,205
1618505107546,220
1618505405740,214
1618505706310,220
1618506012467,224
1618506316745,225
1618506607719,214
1618506907231,229
1618507207028,239
1618507507385,242
1618507812374,246
1618508106545,245
1618508411738,242
1618508707541,241
1618509007000,224
1618509307831,232
1618509607857,240
1618509906329,241
